<?xml version="1.0" encoding="utf-8"?>
<extension version="3.x" type="plugin" group="system" method="upgrade">
	<name>System - Adaptive Image Script</name>
	<author>Patel</author>
	<creationDate>June 2014</creationDate>
	<copyright>(C) Patel, 2012. All rights reserved.</copyright>
	<license>http://www.gnu.org/licenses/gpl-2.0.html GNU/GPL</license>
	<authorEmail>patel@gmail.com</authorEmail>
	<authorUrl>http://www.Patel.com</authorUrl>
	<version>1.0.1</version>
	<description>PLG_ADAPTIVEIMAGE_DESC</description>
	<files>
		<filename plugin="adaptiveimage">adaptiveimage.php</filename>
		<folder>sql/mysql</folder>
		<file>adaptiveimage.xml</file>
		<file>adaptive-images.php</file>
		<file>ai-cookie.php</file>		
	</files>
	<languages>
		<language tag="en-GB">language/en-GB/en-GB.PLG_SYSTEM_ADAPTIVEIMAGE.ini</language>
		<language tag="en-GB">language/en-GB/en-GB.PLG_SYSTEM_ADAPTIVEIMAGE.sys.ini</language>
	</languages>
		
	<update>
      <schemas>
         <schemapath type="mysql">sql/mysql/updates</schemapath>
      </schemas>
   </update>
	<config>
	<fields name="params">
	<fieldset name="basic">
		<field name="jslib" type="text" label="PLG_ADAPTIVEIMAGE_JSLIB" size="40" default="" description="PLG_ADAPTIVEIMAGE_JSLIB_DESC" />
		<field name="csslib" type="text" label="PLG_ADAPTIVEIMAGE_CSSLIB" size="40" default="" description="PLG_ADAPTIVEIMAGE_CSSLIB_DESC" />
		<field name="@spacer" type="spacer" default="" label="" description="" />	
		<field name="jscode" type="textarea" label="PLG_ADAPTIVEIMAGE_JSCODE" rows="20" cols="30" default="" description="PLG_ADAPTIVEIMAGE_JSCODE_DESC" />
		<field name="stylecode" type="textarea" label="PLG_ADAPTIVEIMAGE_STYLECODE" rows="20" cols="30" default="" description="PLG_ADAPTIVEIMAGE_STYLECODE_DESC" />	
	</fieldset>	
	<fieldset name="advanced">
		<field name="loadjslib" type="list" label="PLG_ADAPTIVEIMAGE_LOADJSLIB" default="1" description="PLG_ADAPTIVEIMAGE_LOADJSLIB_DESC" >
			<option value="1">PLG_ADAPTIVEIMAGE_FRONT</option>
			<option value="2">PLG_ADAPTIVEIMAGE_BACK</option>
			<option value="3">PLG_ADAPTIVEIMAGE_BOTH</option>
			<option value="0">PLG_ADAPTIVEIMAGE_NONE</option>
		</field>
		<field name="loadcsslib" type="list" label="PLG_ADAPTIVEIMAGE_LOADCSSLIB" default="1" description="PLG_ADAPTIVEIMAGE_LOADCSSLIB_DESC" >
			<option value="1">PLG_ADAPTIVEIMAGE_FRONT</option>
			<option value="2">PLG_ADAPTIVEIMAGE_BACK</option>
			<option value="3">PLG_ADAPTIVEIMAGE_BOTH</option>
			<option value="0">PLG_ADAPTIVEIMAGE_NONE</option>
		</field>
		<field name="loadjscode" type="list" label="PLG_ADAPTIVEIMAGE_LOADJSCODE" default="1" description="PLG_ADAPTIVEIMAGE_LOADJSCODE_DESC" >
			<option value="1">PLG_ADAPTIVEIMAGE_FRONT</option>
			<option value="2">PLG_ADAPTIVEIMAGE_BACK</option>
			<option value="3">PLG_ADAPTIVEIMAGE_BOTH</option>
			<option value="0">PLG_ADAPTIVEIMAGE_NONE</option>
		</field>
		<field name="loadstylecode" type="list" label="PLG_ADAPTIVEIMAGE_LOADSTYLECODE" default="1" description="PLG_ADAPTIVEIMAGE_LOADSTYLECODE_DESC" >
			<option value="1">PLG_ADAPTIVEIMAGE_FRONT</option>
			<option value="2">PLG_ADAPTIVEIMAGE_BACK</option>
			<option value="3">PLG_ADAPTIVEIMAGE_BOTH</option>
			<option value="0">PLG_ADAPTIVEIMAGE_NONE</option>
		</field>
	</fieldset>
	</fields>
	</config>
</extension>